{
    "results": [
        0.2315271518203015,
        0.659172509780511,
        0.9427755234017635,
        0.6599674226058136,
        0.34682627251154013
    ],
    "success": true,
    "time": 1541195534.7858887
}