{
    "results": [
        0.07674348459274732,
        0.07779715126921412,
        0.07773473580113968,
        0.07808682172029653,
        0.07914831710808816
    ],
    "success": true,
    "time": 1541443890.2833755
}