{
    "results": [
        0.07573848211488286,
        0.07652756050598512,
        0.07638086730636558,
        0.07494206842600465,
        0.0762221411002711
    ],
    "success": true,
    "time": 1541516677.6363068
}