{
    "results": [
        0.22488529703897356,
        0.2590712636325211,
        0.3185361919345994,
        0.316869791974814,
        0.25979527725333595
    ],
    "success": true,
    "time": 1541202580.1247482
}