{
    "results": [
        0.08075495651084817,
        0.08049559804261923,
        0.07976528572955024,
        0.0810346733228924,
        0.0798029473026814
    ],
    "success": true,
    "time": 1541510681.1226695
}